,state,average,standard deviation,highest value in 2017,date of highest value,primary exceedence
0,Alabama,8.974158,7.739944,40.8,2017-01-31 18:00,
1,Alabama,20.71261,8.622241,40.8,2017-01-31 18:00,0.0
2,Alabama,11.458696,8.414054,50.8,2017-10-20 17:00,
3,Alabama,23.389298,9.298161,50.8,2017-10-20 17:00,0.0
4,Alaska,12.569094,12.294333,65.7,2017-01-24 14:00,
5,Alaska,23.121159,14.525068,65.7,2017-01-24 14:00,0.0
6,Arizona,16.990608,13.090725,69.0,2017-02-05 01:00,
7,Arizona,35.238356,12.027014,69.0,2017-02-05 01:00,0.0
8,Arizona,18.24213,13.888388,66.0,2017-11-16 18:00,
9,Arizona,38.561644,13.068066,66.0,2017-11-16 18:00,0.0
10,Arizona,15.281445,12.316862,55.9,2017-10-15 19:00,
11,Arizona,32.684516,12.097929,55.9,2017-10-15 19:00,0.0
12,Arizona,30.627264,12.045869,72.0,2017-10-15 19:00,
13,Arizona,46.489011,9.735759,72.0,2017-10-15 19:00,0.0
14,Arizona,21.710014,13.691345,64.0,2017-04-12 21:00,
15,Arizona,39.879452,10.034377,64.0,2017-04-12 21:00,0.0
16,Arizona,8.421862,7.375466,44.5,2017-12-27 17:00,
17,Arizona,20.564384,9.021314,44.5,2017-12-27 17:00,0.0
18,Arizona,8.316371,7.118178,42.6,2017-12-20 18:00,
19,Arizona,18.685205,8.080043,42.6,2017-12-20 18:00,0.0
20,Arizona,7.712692,6.155675,39.0,2017-11-14 18:00,
21,Arizona,17.38253,7.10483,39.0,2017-11-14 18:00,0.0
22,Arkansas,7.101146,6.331309,40.0,2017-10-19 19:00,
23,Arkansas,16.986981,8.770625,40.0,2017-10-19 19:00,0.0
24,Arkansas,7.596849,6.880005,45.0,2017-11-29 05:00,
25,Arkansas,18.815934,9.449245,45.0,2017-11-29 05:00,0.0
26,California,3.951232,3.181481,28.0,2017-11-30 18:00,
27,California,9.74581,4.45578,28.0,2017-11-30 18:00,0.0
28,California,14.160002,12.355779,81.2,2017-11-22 10:00,
29,California,26.066667,15.355326,81.2,2017-11-22 10:00,0.0
30,California,22.512752,11.045617,86.4,2017-11-22 10:00,
31,California,32.914958,12.391892,86.4,2017-11-22 10:00,0.0
32,California,5.696275,6.026627,37.0,2017-10-27 19:00,
33,California,13.316418,8.542332,37.0,2017-10-27 19:00,0.0
34,California,4.167727,5.414947,39.0,2017-12-14 18:00,
35,California,11.612637,7.842524,39.0,2017-12-14 18:00,0.0
36,California,15.763924,9.692595,65.6,2017-12-27 20:00,
37,California,27.733884,11.53642,65.6,2017-12-27 20:00,0.0
38,California,12.848624,11.147463,66.0,2017-12-15 20:00,
39,California,28.83454,11.676127,66.0,2017-12-15 20:00,0.0
40,California,12.634422,8.552119,62.5,2017-10-16 19:00,
41,California,27.705398,10.27972,62.5,2017-10-16 19:00,0.0
42,California,7.997532,8.576975,56.3,2017-10-06 05:00,
43,California,22.33831,11.108479,56.3,2017-10-06 05:00,0.0
44,California,2.916161,2.913279,34.0,2017-11-16 22:00,
45,California,7.792222,4.568756,34.0,2017-11-16 22:00,0.0
46,California,14.550807,13.00194,61.3,2017-08-18 03:00,
47,California,35.35098,11.950381,61.3,2017-08-18 03:00,0.0
48,California,5.138244,4.676649,34.2,2017-12-08 21:00,
49,California,10.217631,6.658059,34.2,2017-12-08 21:00,0.0
50,California,12.403197,12.300002,73.6,2017-12-25 09:00,
51,California,29.018768,14.013002,73.6,2017-12-25 09:00,0.0
52,California,6.15602,7.206943,63.0,2017-11-21 17:00,
53,California,16.341108,11.222509,63.0,2017-11-21 17:00,0.0
54,California,3.100568,3.203229,31.0,2017-11-24 19:00,
55,California,9.197802,4.443015,31.0,2017-11-24 19:00,0.0
56,California,-0.243103,1.007272,12.0,2017-01-31 15:00,
57,California,0.814159,1.596309,12.0,2017-01-31 15:00,0.0
58,California,1.174528,1.368635,17.0,2017-11-25 13:00,
59,California,3.1375,2.367458,17.0,2017-11-25 13:00,0.0
60,California,6.299163,5.082638,37.5,2017-10-27 17:00,
61,California,14.332782,7.503712,37.5,2017-10-27 17:00,0.0
62,California,9.211621,9.297892,57.0,2017-10-16 20:00,
63,California,19.825545,12.504528,57.0,2017-10-16 20:00,0.0
64,California,10.346425,9.010359,58.8,2017-12-14 18:00,
65,California,21.165782,12.452939,58.8,2017-12-14 18:00,0.0
66,California,16.120603,12.565515,99.1,2017-10-24 08:00,
67,California,30.298039,15.029625,99.1,2017-10-24 08:00,0.0
68,California,6.709533,6.063306,40.6,2017-12-08 18:00,
69,California,13.452174,8.189809,40.6,2017-12-08 18:00,0.0
70,California,7.852434,8.442868,45.3,2017-01-30 22:00,
71,California,17.344134,11.601671,45.3,2017-01-30 22:00,0.0
72,California,10.130066,8.004316,45.0,2017-12-14 18:00,
73,California,17.795252,10.324911,44.0,2017-10-17 08:00,0.0
74,California,6.209818,6.668163,48.8,2017-10-26 19:00,
75,California,17.455016,10.162876,48.8,2017-10-26 19:00,0.0
76,California,2.643859,2.873827,22.4,2017-01-06 18:00,
77,California,7.046273,4.960191,22.4,2017-01-06 18:00,0.0
78,California,2.403074,2.780941,26.0,2017-12-07 19:00,
79,California,7.469388,4.712627,26.0,2017-12-07 19:00,0.0
80,California,18.33179,11.611746,69.2,2017-11-15 18:00,
81,California,32.477108,12.545808,69.2,2017-11-15 18:00,0.0
82,California,7.214846,5.697466,50.8,2017-12-29 18:00,
83,California,15.041504,8.677022,50.8,2017-12-29 18:00,0.0
84,California,11.186606,10.040263,57.3,2017-12-15 18:00,
85,California,22.725212,13.507309,57.3,2017-12-15 18:00,0.0
86,California,20.610154,9.878118,64.9,2017-10-26 20:00,
87,California,33.967409,10.76249,64.9,2017-10-26 20:00,0.0
88,California,2.213083,1.86399,19.0,2017-09-11 19:00,
89,California,5.201102,2.837359,19.0,2017-09-11 19:00,0.0
90,California,9.985899,6.680726,55.5,2017-11-15 17:00,
91,California,19.253315,9.327361,55.5,2017-11-15 17:00,0.0
92,California,2.090835,3.822568,35.0,2017-10-16 08:00,
93,California,7.847352,6.417632,35.0,2017-10-16 08:00,0.0
94,California,8.401024,7.254953,56.9,2017-10-16 19:00,
95,California,18.283427,10.371838,56.9,2017-10-16 19:00,0.0
96,California,14.546024,10.541835,76.2,2017-11-21 16:00,
97,California,24.865909,13.46232,76.2,2017-11-21 16:00,0.0
98,California,8.244972,7.700262,49.0,2017-12-01 19:00,
99,California,18.980332,9.347892,49.0,2017-12-01 19:00,0.0
100,California,7.790594,9.542921,46.5,2017-12-01 17:00,
101,California,21.460559,12.123059,46.5,2017-12-01 17:00,0.0
102,California,8.615665,8.040528,45.4,2017-10-25 20:00,
103,California,17.925069,9.831183,45.4,2017-10-25 20:00,0.0
104,California,0.559238,0.757929,8.0,2017-08-04 09:00,
105,California,1.592068,1.159518,8.0,2017-08-04 09:00,0.0
106,California,3.507056,4.726111,33.0,2017-12-09 18:00,
107,California,9.00277,7.390121,33.0,2017-12-09 18:00,0.0
108,California,17.882309,13.529738,89.5,2017-11-16 11:00,
109,California,31.992978,15.799712,89.5,2017-11-16 11:00,0.0
110,California,25.383813,16.825681,115.5,2017-10-24 08:00,
111,California,41.970704,17.688826,115.5,2017-10-24 08:00,1.0
112,California,20.512708,12.737196,80.6,2017-10-06 20:00,
113,California,35.16768,13.187419,80.6,2017-10-06 20:00,0.0
114,California,9.259741,10.295392,72.2,2017-12-06 21:00,
115,California,23.698065,13.746769,72.2,2017-12-06 21:00,0.0
116,California,0.634084,1.469567,42.0,2017-12-14 04:00,
117,California,1.589971,2.988145,42.0,2017-12-14 04:00,0.0
118,California,6.452288,5.055526,46.0,2017-12-19 19:00,
119,California,13.542778,7.43129,46.0,2017-12-19 19:00,0.0
120,California,13.164022,10.253789,65.1,2017-11-16 18:00,
121,California,24.308989,12.441696,65.1,2017-11-16 18:00,0.0
122,California,7.29901,5.892596,52.6,2017-10-25 19:00,
123,California,15.321008,8.622487,52.6,2017-10-25 19:00,0.0
124,California,2.161639,2.820376,32.0,2017-12-29 19:00,
125,California,7.008264,5.555589,32.0,2017-12-29 19:00,0.0
126,California,10.464741,7.831644,64.9,2017-10-25 18:00,
127,California,20.266116,10.364545,64.9,2017-10-25 18:00,0.0
128,California,13.395464,9.400566,52.3,2017-10-16 19:00,
129,California,24.294985,10.58821,52.3,2017-10-16 19:00,0.0
130,California,16.78694,9.772513,68.4,2017-10-17 11:00,
131,California,28.303014,10.671136,68.4,2017-10-17 11:00,0.0
132,California,32.085316,13.312094,93.2,2017-08-29 08:00,
133,California,45.660405,13.91157,93.2,2017-08-29 08:00,0.0
134,California,28.784522,13.367341,86.0,2017-10-06 19:00,
135,California,42.814286,14.34837,86.0,2017-10-06 19:00,0.0
136,California,7.967881,7.870263,74.0,2017-10-16 21:00,
137,California,19.907303,13.18855,74.0,2017-10-16 21:00,0.0
138,California,6.522939,5.966381,42.5,2017-11-21 17:00,
139,California,15.536389,8.584879,42.5,2017-11-21 17:00,0.0
140,California,7.177256,5.008051,44.1,2017-12-12 18:00,
141,California,13.803922,7.335023,44.1,2017-12-12 18:00,0.0
142,California,15.305676,10.976351,72.3,2017-12-26 19:00,
143,California,27.161517,13.221402,72.3,2017-12-26 19:00,0.0
144,California,19.612552,12.141625,75.0,2017-12-27 16:00,
145,California,32.488953,13.203014,75.0,2017-12-27 16:00,0.0
146,California,20.515304,11.983978,81.2,2017-11-15 18:00,
147,California,34.927324,12.918907,81.2,2017-11-15 18:00,0.0
148,California,10.754281,8.305736,67.4,2017-10-16 18:00,
149,California,21.661433,10.019222,67.4,2017-10-16 18:00,0.0
150,California,12.896467,10.271326,62.5,2017-11-24 18:00,
151,California,25.540606,12.316129,62.5,2017-11-24 18:00,0.0
152,California,7.864884,6.229857,52.8,2017-10-26 18:00,
153,California,17.750708,10.560562,52.8,2017-10-26 18:00,0.0
154,California,14.970935,12.202539,63.0,2017-10-18 08:00,
155,California,28.552778,13.692256,63.0,2017-10-18 08:00,0.0
156,California,9.694734,8.864636,58.7,2017-10-17 18:00,
157,California,19.701159,12.386637,58.7,2017-10-17 18:00,0.0
158,California,5.622446,6.084623,38.0,2017-03-17 20:00,
159,California,14.680272,8.694973,38.0,2017-03-17 20:00,0.0
160,California,12.605282,7.561318,61.0,2017-10-25 04:00,
161,California,21.959302,9.255539,61.0,2017-10-25 04:00,0.0
162,California,4.419336,4.727637,34.0,2017-10-24 20:00,
163,California,11.527624,7.419414,34.0,2017-10-24 20:00,0.0
164,California,15.890943,9.691888,65.8,2017-11-15 18:00,
165,California,28.872527,10.361766,65.8,2017-11-15 18:00,0.0
166,California,9.154165,7.434465,54.0,2017-12-28 20:00,
167,California,19.218935,10.025753,54.0,2017-12-28 20:00,0.0
168,California,16.187127,9.427072,62.0,2017-11-21 18:00,
169,California,27.079882,11.234332,62.0,2017-11-21 18:00,0.0
170,California,11.399315,10.527672,73.0,2017-10-17 05:00,
171,California,23.842105,14.992698,73.0,2017-10-17 05:00,0.0
172,California,12.24124,9.90618,67.5,2017-10-26 19:00,
173,California,23.452507,11.917774,67.5,2017-10-26 19:00,0.0
174,California,16.993361,9.108118,76.9,2017-10-16 19:00,
175,California,27.082094,10.393404,76.9,2017-10-16 19:00,0.0
176,California,8.140698,6.640478,47.6,2017-10-26 18:00,
177,California,17.998061,9.100328,47.6,2017-10-26 18:00,0.0
178,California,9.602363,8.221041,53.4,2017-10-17 07:00,
179,California,19.614088,10.986438,53.4,2017-10-17 07:00,0.0
180,California,5.462478,4.291845,30.6,2017-10-16 06:00,
181,California,11.445643,6.398951,30.6,2017-10-16 06:00,0.0
182,California,6.273084,5.490898,38.2,2017-01-31 18:00,
183,California,13.826506,7.281202,38.2,2017-01-31 18:00,0.0
184,California,10.491485,6.940036,57.6,2017-12-26 18:00,
185,California,21.112784,7.769099,57.6,2017-12-26 18:00,0.0
186,California,6.189061,4.663282,44.1,2017-10-23 18:00,
187,California,14.725641,8.407005,44.1,2017-10-23 18:00,0.0
188,California,3.247659,5.208778,46.5,2017-06-20 19:00,
189,California,13.664798,8.365187,37.9,2017-04-07 00:00,0.0
190,California,4.770528,4.61237,34.5,2017-12-18 18:00,
191,California,11.462363,7.252927,34.5,2017-12-18 18:00,0.0
192,California,8.882406,7.156451,47.6,2017-10-16 18:00,
193,California,20.252994,7.676948,47.6,2017-10-16 18:00,0.0
194,California,7.744008,7.395387,46.0,2017-12-13 20:00,
195,California,17.768595,9.320055,46.0,2017-12-13 20:00,0.0
196,California,11.488552,8.88391,60.5,2017-10-25 18:00,
197,California,23.205438,11.289608,60.5,2017-10-25 18:00,0.0
198,California,5.026352,4.608183,40.5,2017-10-17 07:00,
199,California,12.457391,7.227938,40.5,2017-10-17 07:00,0.0
200,California,9.792029,7.393907,58.6,2017-10-16 19:00,
201,California,21.200286,10.908543,58.6,2017-10-16 19:00,0.0
202,California,15.273349,9.528084,64.1,2017-11-15 18:00,
203,California,27.940443,10.316913,64.1,2017-11-15 18:00,0.0
204,California,8.062643,7.923871,49.2,2017-10-26 18:00,
205,California,17.684831,11.458889,49.2,2017-10-26 18:00,0.0
206,California,0.355989,0.743912,12.0,2017-01-31 18:00,
207,California,1.19469,1.450516,12.0,2017-01-31 18:00,0.0
208,California,12.681098,11.635389,57.3,2017-10-19 03:00,
209,California,29.641899,13.001111,57.3,2017-10-19 03:00,0.0
210,California,10.845675,8.418123,58.1,2017-12-29 18:00,
211,California,23.495495,12.323382,58.1,2017-12-29 18:00,0.0
212,California,10.234714,8.867727,55.7,2017-02-01 10:00,
213,California,22.263063,11.407868,55.7,2017-02-01 10:00,0.0
214,California,7.190897,6.488192,49.2,2017-10-27 18:00,
215,California,16.306443,10.408736,49.2,2017-10-27 18:00,0.0
216,California,12.18955,9.941627,64.7,2017-10-16 19:00,
217,California,25.795318,14.260199,64.7,2017-10-16 19:00,0.0
218,California,16.098636,9.187481,123.3,2017-12-15 10:00,
219,California,27.246499,10.933803,123.3,2017-12-15 10:00,1.0
220,California,0.035186,1.254605,18.3,2017-06-08 23:00,
221,California,1.195238,1.989209,18.3,2017-06-08 23:00,0.0
222,California,3.640841,3.006427,40.9,2017-02-02 08:00,
223,California,8.389489,5.150141,40.9,2017-02-02 08:00,0.0
224,California,5.34625,4.281687,36.0,2017-08-01 00:00,
225,California,12.343407,6.463305,36.0,2017-08-01 00:00,0.0
226,California,5.495021,3.924677,44.9,2017-09-18 16:00,
227,California,14.094556,5.310367,44.9,2017-09-18 16:00,0.0
228,California,2.770402,1.610023,12.9,2017-01-30 16:00,
229,California,5.054545,2.387655,12.9,2017-01-30 16:00,0.0
230,California,7.13132,5.672696,38.9,2017-10-18 21:00,
231,California,16.165266,8.37752,38.9,2017-10-18 21:00,0.0
232,California,4.396934,3.744655,28.1,2017-09-27 21:00,
233,California,10.298333,5.375838,28.1,2017-09-27 21:00,0.0
234,California,4.057018,3.42976,16.0,2017-01-06 07:00,
235,California,9.444444,4.447221,16.0,2017-01-06 07:00,0.0
236,California,3.436083,3.779902,34.0,2017-12-09 19:00,
237,California,8.759036,5.574197,34.0,2017-12-09 19:00,0.0
238,Colorado,4.043502,3.800514,27.0,2017-12-01 10:00,
239,Colorado,9.781928,4.591971,27.0,2017-12-01 10:00,0.0
240,Colorado,19.182155,11.380006,81.4,2017-12-27 10:00,
241,Colorado,36.058989,12.536105,81.4,2017-12-27 10:00,0.0
242,Colorado,18.366163,11.670448,81.6,2017-12-27 11:00,
243,Colorado,34.999435,11.228984,81.6,2017-12-27 11:00,0.0
244,Colorado,24.460948,11.315243,69.3,2017-11-01 09:00,
245,Colorado,40.321839,9.568876,69.3,2017-11-01 09:00,0.0
246,Colorado,27.385824,14.17993,92.9,2017-12-27 11:00,
247,Colorado,46.750862,10.863673,87.9,2017-01-06 07:00,0.0
248,Colorado,1.355742,1.846166,22.4,2017-11-04 04:00,
249,Colorado,3.697313,3.829396,22.4,2017-11-04 04:00,0.0
250,Colorado,14.448059,12.656395,75.8,2017-01-19 09:00,
251,Colorado,33.148161,11.603498,75.8,2017-01-19 09:00,0.0
252,Colorado,0.851532,0.683379,9.7,2017-01-04 08:00,
253,Colorado,2.093678,1.280834,9.7,2017-01-04 08:00,0.0
254,Colorado,0.475717,0.563933,8.0,2017-08-18 12:00,
255,Colorado,1.170313,1.013928,8.0,2017-08-18 12:00,0.0
256,Colorado,3.008332,2.738192,24.8,2017-11-16 17:00,
257,Colorado,7.826214,4.381412,24.8,2017-11-16 17:00,0.0
258,Colorado,4.634957,3.149619,28.7,2017-12-06 18:00,
259,Colorado,9.738162,4.469595,28.7,2017-12-06 18:00,0.0
260,Colorado,0.813333,1.424201,17.7,2017-12-06 18:00,
261,Colorado,2.422067,2.448401,17.7,2017-12-06 18:00,0.0
262,Colorado,5.66121,4.623335,35.0,2017-12-18 17:00,
263,Colorado,13.271765,5.206449,35.0,2017-12-18 17:00,0.0
264,Connecticut,8.86795,8.429341,61.8,2017-03-17 05:00,
265,Connecticut,19.661429,10.936397,61.8,2017-03-17 05:00,0.0
266,Connecticut,16.292402,11.170687,74.1,2017-03-21 06:00,
267,Connecticut,30.020056,12.03286,74.1,2017-03-21 06:00,0.0
268,Connecticut,13.052647,10.874151,93.9,2017-06-13 14:00,
269,Connecticut,27.720807,13.614855,93.9,2017-06-13 14:00,0.0
270,Connecticut,8.556266,7.713952,38.8,2017-08-09 22:00,
271,Connecticut,21.005263,8.974207,38.8,2017-08-09 22:00,0.0
272,Delaware,10.65227,8.347314,59.7,2017-03-17 06:00,
273,Delaware,22.276989,10.217206,59.7,2017-03-17 06:00,0.0
274,District Of Columbia,11.173424,7.811854,62.0,2017-02-08 08:00,
275,District Of Columbia,22.69337,9.802618,62.0,2017-02-08 08:00,0.0
276,District Of Columbia,10.570712,8.134236,52.5,2017-03-09 20:00,
277,District Of Columbia,21.661932,10.368568,52.5,2017-03-09 20:00,0.0
278,District Of Columbia,10.161804,7.797081,52.3,2017-10-19 18:00,
279,District Of Columbia,19.893407,9.496078,52.3,2017-10-19 18:00,0.0
280,District Of Columbia,14.89843,10.10287,82.5,2017-02-01 08:00,
281,District Of Columbia,28.892479,11.647453,82.5,2017-02-01 08:00,0.0
282,Florida,5.433249,8.341265,63.6,2017-12-14 21:00,
283,Florida,15.76087,13.119465,63.6,2017-12-14 21:00,0.0
284,Florida,14.718681,7.75027,55.0,2017-02-01 08:00,
285,Florida,25.078947,8.407591,55.0,2017-02-01 08:00,0.0
286,Florida,6.91072,5.553662,50.5,2017-02-01 18:00,
287,Florida,16.190643,7.838852,50.5,2017-02-01 18:00,0.0
288,Florida,10.557363,7.235323,47.0,2017-02-16 20:00,
289,Florida,20.648758,8.783215,47.0,2017-02-16 20:00,0.0
290,Florida,3.978006,5.27995,42.7,2017-02-01 08:00,
291,Florida,12.216961,8.454005,42.7,2017-02-01 08:00,0.0
292,Florida,3.354497,5.498726,47.5,2017-12-16 01:00,
293,Florida,10.60411,11.096725,47.5,2017-12-16 01:00,0.0
294,Florida,7.933482,7.059127,55.2,2017-05-09 06:00,
295,Florida,19.455435,10.361481,55.2,2017-05-09 06:00,0.0
296,Florida,11.573306,8.533633,63.6,2017-12-15 08:00,
297,Florida,24.674048,11.158718,63.6,2017-12-15 08:00,0.0
298,Florida,14.845036,9.185046,80.9,2017-04-17 06:00,
299,Florida,30.319858,13.798536,80.9,2017-04-17 06:00,0.0
300,Florida,4.626819,4.570449,34.5,2017-02-17 23:00,
301,Florida,11.964225,7.325205,34.5,2017-02-17 23:00,0.0
302,Florida,8.408889,5.520069,35.4,2017-04-26 05:00,
303,Florida,16.600562,5.958329,35.4,2017-04-26 05:00,0.0
304,Florida,1.547184,2.170021,15.6,2017-03-21 07:00,
305,Florida,5.370997,3.491332,15.6,2017-03-21 07:00,0.0
306,Florida,3.844109,4.03875,34.7,2017-02-02 08:00,
307,Florida,10.578621,6.687636,34.7,2017-02-02 08:00,0.0
308,Florida,9.948194,7.060695,45.0,2017-10-31 19:00,
309,Florida,20.292429,8.428771,45.0,2017-10-31 19:00,0.0
310,Florida,4.078228,4.381742,37.1,2017-02-01 19:00,
311,Florida,10.606433,7.093855,37.1,2017-02-01 19:00,0.0
312,Georgia,14.913711,9.761632,61.2,2017-01-31 21:00,
313,Georgia,29.467956,10.365264,61.2,2017-01-31 21:00,0.0
314,Georgia,17.931372,8.027724,58.7,2017-03-17 09:00,
315,Georgia,28.212034,8.827043,58.7,2017-03-17 09:00,0.0
316,Georgia,8.717179,7.466906,51.9,2017-01-31 22:00,
317,Georgia,21.048968,10.397321,51.9,2017-01-31 22:00,0.0
318,Hawaii,1.840508,4.013018,37.6,2017-12-01 06:00,
319,Hawaii,6.149799,7.328992,37.6,2017-12-01 06:00,0.0
320,Hawaii,4.394182,3.851289,40.6,2017-01-20 07:00,
321,Hawaii,12.213483,7.227556,40.6,2017-01-20 07:00,0.0
322,Idaho,17.074561,11.15064,53.1,2017-02-20 18:00,
323,Idaho,30.332292,9.565426,53.1,2017-02-20 18:00,0.0
324,Illinois,15.753562,9.679221,71.3,2017-04-23 06:00,
325,Illinois,28.325753,10.720164,71.3,2017-04-23 06:00,0.0
326,Illinois,12.863314,9.046249,87.3,2017-09-14 12:00,
327,Illinois,26.003571,11.499204,87.3,2017-09-14 12:00,0.0
328,Illinois,15.632368,9.378418,64.8,2017-12-03 11:00,
329,Illinois,28.584551,11.25413,64.8,2017-12-03 11:00,0.0
330,Illinois,8.629646,6.696334,48.6,2017-04-24 20:00,
331,Illinois,19.877586,8.660518,48.6,2017-04-24 20:00,0.0
332,Illinois,15.790024,8.814708,60.9,2017-07-31 07:00,
333,Illinois,28.26648,9.64665,60.9,2017-07-31 07:00,0.0
334,Indiana,8.091472,4.591353,36.6,2017-11-29 17:00,
335,Indiana,15.740597,6.293169,36.6,2017-11-29 17:00,0.0
336,Indiana,9.688151,8.59308,80.5,2017-11-27 12:00,
337,Indiana,23.411014,10.311824,80.5,2017-11-27 12:00,0.0
338,Indiana,9.731855,6.286684,49.2,2017-09-25 20:00,
339,Indiana,19.300885,8.203804,49.2,2017-09-25 20:00,0.0
340,Indiana,12.873323,7.079522,44.8,2017-03-16 22:00,
341,Indiana,23.48105,7.307796,44.8,2017-03-16 22:00,0.0
342,Indiana,7.660168,6.203839,40.3,2017-12-03 09:00,
343,Indiana,15.434862,8.060104,40.3,2017-12-03 09:00,0.0
344,Iowa,5.894876,4.921581,43.6,2017-03-16 01:00,
345,Iowa,13.77341,7.70028,43.6,2017-03-16 01:00,0.0
346,Iowa,6.42032,5.424472,41.4,2017-09-13 19:00,
347,Iowa,15.285237,8.875003,41.4,2017-09-13 19:00,0.0
348,Iowa,2.109719,1.817191,78.4,2017-03-09 13:00,
349,Iowa,3.845961,4.760807,78.4,2017-03-09 13:00,0.0
350,Kansas,9.215149,7.678974,53.7,2017-02-18 20:00,
351,Kansas,21.233724,10.172853,53.7,2017-02-18 20:00,0.0
352,Kansas,6.98958,6.409965,39.9,2017-02-21 19:00,
353,Kansas,16.366997,9.875317,39.9,2017-02-21 19:00,0.0
354,Kansas,3.229754,2.372464,29.4,2017-05-13 08:00,
355,Kansas,7.272054,4.539927,29.4,2017-05-13 08:00,0.0
356,Kansas,2.878899,2.017028,22.8,2017-03-08 05:00,
357,Kansas,6.304132,3.32438,22.8,2017-03-08 05:00,0.0
358,Kansas,2.841845,1.062745,9.8,2017-07-20 08:00,
359,Kansas,3.88411,1.165186,9.8,2017-07-20 08:00,0.0
360,Kentucky,4.264817,5.3066,35.0,2017-11-21 18:00,
361,Kentucky,11.525424,7.647005,35.0,2017-11-21 18:00,0.0
362,Kentucky,2.939262,3.586692,32.0,2017-04-13 06:00,
363,Kentucky,8.929878,5.852255,32.0,2017-04-13 06:00,0.0
364,Kentucky,4.783015,5.525778,40.0,2017-02-13 20:00,
365,Kentucky,13.411003,8.466665,40.0,2017-02-13 20:00,0.0
366,Kentucky,8.868516,7.765434,47.5,2017-11-28 20:00,
367,Kentucky,20.507749,9.551357,47.5,2017-11-28 20:00,0.0
368,Kentucky,14.577806,9.353672,59.5,2017-01-04 07:00,
369,Kentucky,27.414365,9.682838,59.5,2017-01-04 07:00,0.0
370,Kentucky,4.614299,4.949777,41.0,2017-11-29 18:00,
371,Kentucky,12.006098,7.361356,41.0,2017-11-29 18:00,0.0
372,Kentucky,4.232226,4.091263,31.0,2017-11-29 19:00,
373,Kentucky,10.841463,6.3467,30.0,2017-02-20 19:00,0.0
374,Louisiana,10.132127,7.467506,57.0,2017-11-17 13:00,
375,Louisiana,21.419114,10.100434,54.4,2017-11-25 20:00,0.0
376,Louisiana,2.514142,1.896244,17.2,2017-02-17 13:00,
377,Louisiana,5.492264,3.122834,17.2,2017-02-17 13:00,0.0
378,Louisiana,6.025967,6.479442,43.4,2017-02-16 20:00,
379,Louisiana,16.366205,9.748297,43.4,2017-02-16 20:00,0.0
380,Louisiana,10.121977,8.806811,53.0,2017-04-03 20:00,
381,Louisiana,22.807163,11.156162,53.0,2017-04-03 20:00,0.0
382,Louisiana,5.850679,5.398256,48.7,2017-12-14 08:00,
383,Louisiana,13.284821,8.034919,48.7,2017-12-14 08:00,0.0
384,Louisiana,9.37631,7.152598,49.1,2017-11-25 18:00,
385,Louisiana,19.852339,9.134452,49.1,2017-11-25 18:00,0.0
386,Louisiana,2.219117,1.388981,28.7,2017-09-14 14:00,
387,Louisiana,4.167036,2.561064,28.7,2017-09-14 14:00,0.0
388,Louisiana,6.167538,5.221657,39.2,2017-04-24 19:00,
389,Louisiana,14.810787,7.170164,39.2,2017-04-24 19:00,0.0
390,Louisiana,4.493243,2.746972,26.9,2017-12-14 17:00,
391,Louisiana,9.096639,4.085125,26.9,2017-12-14 17:00,0.0
392,Maine,3.249312,4.366139,34.5,2017-02-15 01:00,
393,Maine,8.164986,7.444773,34.5,2017-02-15 01:00,0.0
394,Maine,7.608507,8.20584,86.2,2017-12-15 06:00,
395,Maine,19.939286,12.386611,86.2,2017-12-15 06:00,0.0
396,Maine,1.772383,2.296596,28.3,2017-02-15 01:00,
397,Maine,4.701734,4.526854,28.3,2017-02-15 01:00,0.0
398,Maryland,13.676672,9.404115,60.1,2017-04-29 19:00,
399,Maryland,26.729326,10.880534,60.1,2017-04-29 19:00,0.0
400,Maryland,6.565122,5.698617,42.7,2017-02-18 23:00,
401,Maryland,15.084314,8.140599,42.7,2017-02-18 23:00,0.0
402,Maryland,9.871343,8.559974,47.9,2017-03-17 05:00,
403,Maryland,22.509577,10.081121,47.9,2017-03-17 05:00,0.0
404,Maryland,1.733725,1.256565,14.1,2017-01-16 17:00,
405,Maryland,3.33844,1.978028,14.1,2017-01-16 17:00,0.0
406,Maryland,14.452832,8.298872,51.0,2017-03-17 06:00,
407,Maryland,26.344384,8.59916,51.0,2017-03-17 06:00,0.0
408,Maryland,15.947073,9.461417,53.0,2017-10-02 19:00,
409,Maryland,28.925,8.826211,53.0,2017-10-02 19:00,0.0
410,Massachusetts,13.227461,8.541148,57.0,2017-09-24 18:00,
411,Massachusetts,25.252078,9.717404,57.0,2017-09-24 18:00,0.0
412,Massachusetts,11.22466,7.696853,49.0,2017-04-03 05:00,
413,Massachusetts,22.141176,9.993689,49.0,2017-04-03 05:00,0.0
414,Massachusetts,13.762592,8.421463,56.0,2017-01-17 07:00,
415,Massachusetts,25.420613,9.202484,56.0,2017-01-17 07:00,0.0
416,Massachusetts,5.338717,6.385206,43.0,2017-03-21 06:00,
417,Massachusetts,12.865169,9.20005,43.0,2017-03-21 06:00,0.0
418,Massachusetts,4.401854,5.050181,40.0,2017-03-24 05:00,
419,Massachusetts,11.915254,7.888647,40.0,2017-03-24 05:00,0.0
420,Massachusetts,3.717102,3.874986,33.0,2017-01-16 01:00,
421,Massachusetts,9.005666,6.35994,33.0,2017-01-16 01:00,0.0
422,Massachusetts,2.499577,3.280548,41.0,2017-12-18 20:00,
423,Massachusetts,6.62931,5.253016,41.0,2017-12-18 20:00,0.0
424,Massachusetts,12.006373,8.206141,55.0,2017-03-17 22:00,
425,Massachusetts,23.367647,8.920006,55.0,2017-03-17 22:00,0.0
426,Massachusetts,2.168363,2.722237,29.0,2017-02-23 04:00,
427,Massachusetts,4.894286,4.680964,29.0,2017-02-23 04:00,0.0
428,Massachusetts,11.449792,8.570965,66.0,2017-03-17 21:00,
429,Massachusetts,23.08427,10.566419,59.0,2017-03-21 06:00,0.0
430,Michigan,9.343085,7.193729,50.7,2017-03-17 00:00,
431,Michigan,20.321307,8.714877,50.7,2017-03-17 00:00,0.0
432,Michigan,15.915102,9.199587,49.2,2017-03-17 07:00,
433,Michigan,27.904928,8.331828,49.2,2017-03-17 07:00,0.0
434,Michigan,11.526683,7.098042,129.6,2017-10-06 11:00,
435,Michigan,23.121644,9.377322,129.6,2017-10-06 11:00,1.0
436,Michigan,13.800584,7.150268,75.5,2017-10-10 12:00,
437,Michigan,25.549288,9.01859,75.5,2017-10-10 12:00,0.0
438,Michigan,6.452502,5.065556,46.7,2017-12-28 03:00,
439,Michigan,13.385185,7.617836,46.7,2017-12-28 03:00,0.0
440,Michigan,9.349113,7.86158,45.9,2017-03-17 08:00,
441,Michigan,18.910335,9.581461,45.9,2017-03-17 08:00,0.0
442,Michigan,1.418925,1.133853,10.6,2017-01-16 16:00,
443,Michigan,2.471745,1.5734,10.6,2017-01-16 16:00,0.0
444,Michigan,11.09462,7.739579,49.5,2017-03-16 21:00,
445,Michigan,22.05816,8.686367,49.5,2017-03-16 21:00,0.0
446,Minnesota,6.276658,6.691478,49.1,2017-01-15 06:00,
447,Minnesota,14.965385,9.83812,49.1,2017-01-15 06:00,0.0
448,Minnesota,3.370374,3.323511,28.8,2017-04-07 07:00,
449,Minnesota,8.86137,5.032298,28.8,2017-04-07 07:00,0.0
450,Minnesota,8.356812,7.10225,44.9,2017-04-07 05:00,
451,Minnesota,18.638082,9.323252,44.9,2017-04-07 05:00,0.0
452,Minnesota,13.411341,7.899938,48.6,2017-03-28 22:00,
453,Minnesota,24.039726,8.861904,48.6,2017-03-28 22:00,0.0
454,Minnesota,7.652873,4.821948,62.6,2017-11-07 15:00,
455,Minnesota,15.417534,6.922334,62.6,2017-11-07 15:00,0.0
456,Mississippi,6.884953,6.819364,53.0,2017-02-08 07:00,
457,Mississippi,16.579872,10.283062,48.0,2017-02-16 21:00,0.0
458,Mississippi,4.031512,3.970196,41.9,2017-05-04 03:00,
459,Mississippi,10.918314,7.049652,41.9,2017-05-04 03:00,0.0
460,Missouri,10.17686,7.187789,52.0,2017-03-08 20:00,
461,Missouri,20.787945,8.979557,52.0,2017-03-08 20:00,0.0
462,Missouri,11.769381,8.053661,57.4,2017-02-18 20:00,
463,Missouri,24.562259,10.56144,57.4,2017-02-18 20:00,0.0
464,Missouri,11.341957,7.904152,53.5,2017-05-05 20:00,
465,Missouri,23.239835,9.835279,53.5,2017-05-05 20:00,0.0
466,Missouri,11.285464,8.435306,57.0,2017-03-24 05:00,
467,Missouri,25.426171,10.119119,57.0,2017-03-24 05:00,0.0
468,Missouri,9.482539,7.431562,53.6,2017-03-08 19:00,
469,Missouri,21.266857,9.885528,53.6,2017-03-08 19:00,0.0
470,Missouri,10.946795,7.923557,56.7,2017-03-08 20:00,
471,Missouri,23.44806,9.881928,56.7,2017-03-08 20:00,0.0
472,Missouri,1.869653,1.234727,13.9,2017-12-29 20:00,
473,Missouri,3.098813,1.84407,13.9,2017-12-29 20:00,0.0
474,Montana,0.572643,1.110814,23.0,2017-12-27 21:00,
475,Montana,2.378947,3.114637,23.0,2017-12-27 21:00,0.0
476,Montana,0.476595,1.37672,48.0,2017-02-26 20:00,
477,Montana,2.355346,4.435605,48.0,2017-02-26 20:00,0.0
478,Montana,0.542633,0.871848,15.0,2017-07-29 12:00,
479,Montana,1.973214,2.219829,15.0,2017-07-29 12:00,0.0
480,Montana,0.546665,1.007128,16.0,2017-12-13 09:00,
481,Montana,2.478528,2.208619,16.0,2017-12-13 09:00,0.0
482,Montana,2.892932,2.02261,37.0,2017-07-09 18:00,
483,Montana,4.075209,3.028251,37.0,2017-07-09 18:00,0.0
484,Montana,2.221369,3.152088,55.2,2017-08-16 20:00,
485,Montana,7.905179,7.23757,55.2,2017-08-16 20:00,0.0
486,Montana,0.867194,1.167088,10.0,2017-04-15 22:00,
487,Montana,2.68,1.942437,10.0,2017-04-15 22:00,0.0
488,Montana,0.703973,1.04573,11.0,2017-01-14 01:00,
489,Montana,2.176271,1.77361,11.0,2017-01-14 01:00,0.0
490,Montana,0.836936,1.276467,14.0,2017-07-17 01:00,
491,Montana,2.911854,2.380333,14.0,2017-07-17 01:00,0.0
492,Montana,0.903046,1.029304,12.0,2017-07-25 05:00,
493,Montana,2.546392,1.812568,12.0,2017-07-25 05:00,0.0
494,Nevada,18.042144,13.991617,64.7,2017-10-12 19:00,
495,Nevada,36.842697,13.182352,64.7,2017-10-12 19:00,0.0
496,Nevada,8.136703,7.19684,46.9,2017-10-26 18:00,
497,Nevada,20.501114,10.992765,46.9,2017-10-26 18:00,0.0
498,Nevada,27.136523,11.895124,65.0,2017-10-18 09:00,
499,Nevada,42.759444,9.097391,65.0,2017-10-18 09:00,0.0
500,Nevada,23.764464,11.37676,64.1,2017-10-05 19:00,
501,Nevada,39.261408,9.979505,64.1,2017-10-05 19:00,0.0
502,Nevada,16.841026,13.158201,63.1,2017-10-04 19:00,
503,Nevada,35.474085,12.472055,63.1,2017-10-04 19:00,0.0
504,Nevada,12.635331,10.739645,89.3,2017-12-29 12:00,
505,Nevada,25.850425,12.483257,89.3,2017-12-29 12:00,0.0
506,Nevada,15.549294,14.15231,64.0,2017-10-04 19:00,
507,Nevada,33.877647,13.242969,64.0,2017-10-04 19:00,0.0
508,New Hampshire,2.643343,3.36245,33.5,2017-12-18 22:00,
509,New Hampshire,6.262899,5.382564,33.5,2017-12-18 22:00,0.0
510,New Jersey,15.041588,10.803362,77.0,2017-03-18 03:00,
511,New Jersey,29.236915,11.986367,77.0,2017-03-18 03:00,0.0
512,New Jersey,11.796439,8.942348,53.0,2017-01-31 22:00,
513,New Jersey,24.256198,10.592812,53.0,2017-01-31 22:00,0.0
514,New Jersey,2.891807,4.601408,38.0,2017-01-31 19:00,
515,New Jersey,7.7,7.314579,38.0,2017-01-31 19:00,0.0
516,New Jersey,8.007821,7.810986,53.0,2017-02-07 07:00,
517,New Jersey,17.293956,10.142721,53.0,2017-02-07 07:00,0.0
518,New Jersey,19.389705,11.44385,79.0,2017-04-12 07:00,
519,New Jersey,33.044444,12.279622,79.0,2017-04-12 07:00,0.0
520,New Jersey,17.637109,9.976967,92.0,2017-11-15 20:00,
521,New Jersey,33.031519,13.409194,92.0,2017-11-15 20:00,0.0
522,New Jersey,20.145125,9.391839,70.0,2017-04-03 07:00,
523,New Jersey,29.875,10.341168,70.0,2017-04-03 07:00,0.0
524,New Jersey,10.16354,8.314312,52.0,2017-03-21 23:00,
525,New Jersey,22.363636,9.189833,52.0,2017-03-21 23:00,0.0
526,New Jersey,5.792657,5.840341,45.0,2017-03-09 20:00,
527,New Jersey,14.494505,8.475697,45.0,2017-03-09 20:00,0.0
528,New Jersey,15.075396,10.810429,75.0,2017-10-22 09:00,
529,New Jersey,29.484594,12.341258,75.0,2017-10-22 09:00,0.0
530,New Mexico,10.396412,9.412657,48.8,2017-12-20 08:00,
531,New Mexico,23.10507,11.039609,48.8,2017-12-20 08:00,0.0
532,New Mexico,10.437618,7.966165,38.0,2017-07-11 05:00,
533,New Mexico,22.38764,6.39377,38.0,2017-07-11 05:00,0.0
534,New Mexico,3.228119,3.780997,37.0,2017-12-01 21:00,
535,New Mexico,9.101695,5.769496,37.0,2017-12-01 21:00,0.0
536,New Mexico,4.18148,4.298184,41.0,2017-12-13 18:00,
537,New Mexico,11.652055,7.526293,41.0,2017-12-13 18:00,0.0
538,New Mexico,7.352624,6.368239,39.2,2017-07-02 04:00,
539,New Mexico,15.833824,7.7344,39.2,2017-07-02 04:00,0.0
540,New Mexico,5.50995,4.728852,34.0,2017-12-11 19:00,
541,New Mexico,12.894904,5.397767,34.0,2017-12-11 19:00,0.0
542,New Mexico,6.124431,7.011406,48.0,2017-11-13 23:00,
543,New Mexico,17.033058,10.348833,48.0,2017-11-13 23:00,0.0
544,New Mexico,0.756866,1.053144,32.7,2017-12-05 21:00,
545,New Mexico,2.042034,2.716164,32.7,2017-12-05 21:00,0.0
546,New Mexico,4.496462,5.574188,51.0,2017-11-22 18:00,
547,New Mexico,14.544444,10.154145,51.0,2017-11-22 18:00,0.0
548,New Mexico,4.547482,5.627916,38.0,2017-08-21 11:00,
549,New Mexico,15.0,8.39011,38.0,2017-08-21 11:00,0.0
550,New York,9.604442,7.868545,51.1,2017-12-28 08:00,
551,New York,21.428732,10.623203,51.1,2017-12-28 08:00,0.0
552,New York,9.485082,7.322951,49.2,2017-03-17 06:00,
553,New York,20.986325,9.168464,49.2,2017-03-17 06:00,0.0
554,New York,17.300456,10.556759,64.3,2017-04-28 22:00,
555,New York,30.86129,12.354376,64.3,2017-04-28 22:00,0.0
556,New York,15.248521,10.722424,79.1,2017-03-18 03:00,
557,New York,29.971148,13.068713,79.1,2017-03-18 03:00,0.0
558,New York,14.914937,10.22388,60.2,2017-04-10 07:00,
559,New York,28.417808,12.329173,60.2,2017-04-10 07:00,0.0
560,New York,16.291778,9.497707,61.7,2017-04-03 07:00,
561,New York,30.116165,10.42666,61.7,2017-04-03 07:00,0.0
562,New York,9.081778,5.76214,44.9,2017-01-16 20:00,
563,New York,17.991908,7.096416,44.9,2017-01-16 20:00,0.0
564,New York,1.624614,2.818953,30.1,2017-02-22 02:00,
565,New York,4.65638,4.838606,30.1,2017-02-22 02:00,0.0
566,North Carolina,6.916182,6.509473,45.7,2017-02-14 21:00,
567,North Carolina,16.15,9.497981,45.7,2017-02-14 21:00,0.0
568,North Carolina,10.702633,7.582555,45.4,2017-11-30 09:00,
569,North Carolina,21.699698,8.197111,45.4,2017-11-30 09:00,0.0
570,North Carolina,5.429814,5.940386,43.8,2017-03-08 20:00,
571,North Carolina,13.943296,9.129716,43.8,2017-03-08 20:00,0.0
572,North Carolina,1.185382,0.979488,15.3,2017-09-14 19:00,
573,North Carolina,2.819663,1.745564,15.3,2017-09-14 19:00,0.0
574,North Carolina,7.01461,6.181881,48.1,2017-11-28 19:00,
575,North Carolina,15.860335,8.887267,48.1,2017-11-28 19:00,0.0
576,North Carolina,9.283885,6.328933,52.7,2017-06-06 05:00,
577,North Carolina,18.029042,7.920652,52.7,2017-06-06 05:00,0.0
578,North Dakota,2.129642,1.98542,28.0,2017-03-02 20:00,
579,North Dakota,5.49863,4.278508,28.0,2017-03-02 20:00,0.0
580,North Dakota,5.318315,4.557631,44.5,2017-01-16 09:00,
581,North Dakota,12.59916,7.562866,44.5,2017-01-16 09:00,0.0
582,North Dakota,1.419364,1.203369,13.2,2017-11-08 11:00,
583,North Dakota,3.029096,2.032101,13.2,2017-11-08 11:00,0.0
584,North Dakota,4.36457,4.492468,43.3,2017-01-17 07:00,
585,North Dakota,11.569252,7.691953,43.3,2017-01-17 07:00,0.0
586,North Dakota,1.997802,1.339568,18.0,2017-01-16 06:00,
587,North Dakota,4.066574,2.15975,18.0,2017-01-16 06:00,0.0
588,North Dakota,2.409051,1.510538,18.9,2017-05-07 00:00,
589,North Dakota,5.174854,2.574351,18.9,2017-05-07 00:00,0.0
590,North Dakota,1.806798,1.281988,16.0,2017-09-15 16:00,
591,North Dakota,3.605844,1.977157,16.0,2017-09-15 16:00,0.0
592,North Dakota,2.319358,1.968599,30.9,2017-06-19 20:00,
593,North Dakota,5.195357,3.537634,30.9,2017-06-19 20:00,0.0
594,North Dakota,2.646117,2.03925,27.9,2017-11-06 21:00,
595,North Dakota,6.550986,3.584298,27.9,2017-11-06 21:00,0.0
596,Ohio,7.402446,6.911601,54.0,2017-06-02 22:00,
597,Ohio,17.879747,9.268727,54.0,2017-06-02 22:00,0.0
598,Ohio,19.853089,9.939138,60.0,2017-11-29 04:00,
599,Ohio,33.567039,9.070822,60.0,2017-11-29 04:00,0.0
600,Ohio,11.366813,8.410904,50.0,2017-09-26 21:00,
601,Ohio,23.846591,10.37086,50.0,2017-09-26 21:00,0.0
602,Ohio,8.093837,6.478888,50.0,2017-12-02 11:00,
603,Ohio,18.61326,8.736819,50.0,2017-12-02 11:00,0.0
604,Ohio,11.085848,7.86099,49.0,2017-03-17 04:00,
605,Ohio,21.838356,8.747286,49.0,2017-03-17 04:00,0.0
606,Ohio,6.937642,5.136063,35.0,2017-02-21 17:00,
607,Ohio,14.216438,6.354003,35.0,2017-02-21 17:00,0.0
608,Ohio,8.842857,6.8502,68.0,2017-04-10 16:00,
609,Ohio,17.613833,8.656625,68.0,2017-04-11 04:00,0.0
610,Oklahoma,4.390728,3.3059,21.0,2017-02-23 05:00,
611,Oklahoma,10.042553,4.23989,21.0,2017-02-23 05:00,0.0
612,Oklahoma,6.65104,6.517946,52.0,2017-01-07 21:00,
613,Oklahoma,17.529577,10.865958,52.0,2017-01-07 21:00,0.0
614,Oklahoma,16.054614,9.814289,67.0,2017-09-13 18:00,
615,Oklahoma,28.919192,9.196441,67.0,2017-09-13 18:00,0.0
616,Oklahoma,5.358507,3.767905,36.0,2017-01-27 21:00,
617,Oklahoma,11.93655,5.778861,36.0,2017-01-27 21:00,0.0
618,Oklahoma,6.926318,5.738814,41.8,2017-02-22 19:00,
619,Oklahoma,16.963202,8.579131,41.8,2017-02-22 19:00,0.0
620,Oklahoma,5.345659,4.861137,43.0,2017-03-02 21:00,
621,Oklahoma,13.677305,9.099614,43.0,2017-03-02 21:00,0.0
622,Oregon,8.63261,6.473937,53.2,2017-08-28 22:00,
623,Oregon,17.112139,9.000423,53.2,2017-08-28 22:00,0.0
624,Oregon,12.393734,6.803092,48.6,2017-08-28 07:00,
625,Oregon,21.840997,7.329915,48.6,2017-08-28 07:00,0.0
626,Pennsylvania,8.3006,7.289918,41.0,2017-01-17 09:00,
627,Pennsylvania,18.829132,8.302663,41.0,2017-01-17 09:00,0.0
628,Pennsylvania,5.350563,6.401493,43.0,2017-02-21 10:00,
629,Pennsylvania,14.514451,8.106256,43.0,2017-02-21 10:00,0.0
630,Pennsylvania,9.688999,8.938113,76.0,2017-02-28 07:00,
631,Pennsylvania,23.671096,10.469708,76.0,2017-02-28 07:00,0.0
632,Pennsylvania,3.277756,4.900999,34.0,2017-04-14 23:00,
633,Pennsylvania,11.114551,8.090859,34.0,2017-04-14 23:00,0.0
634,Pennsylvania,7.006885,7.461601,51.0,2017-03-18 03:00,
635,Pennsylvania,17.308682,8.696749,51.0,2017-03-18 03:00,0.0
636,Pennsylvania,5.934871,5.803745,51.0,2017-04-09 21:00,
637,Pennsylvania,15.057143,8.256083,51.0,2017-04-09 21:00,0.0
638,Pennsylvania,5.753958,6.054064,55.0,2017-10-04 18:00,
639,Pennsylvania,13.898844,8.418658,55.0,2017-10-04 18:00,0.0
640,Pennsylvania,19.550362,11.085871,66.9,2017-03-17 23:00,
641,Pennsylvania,33.382222,12.375034,66.9,2017-03-17 23:00,0.0
642,Pennsylvania,11.349708,9.191597,56.0,2017-03-17 19:00,
643,Pennsylvania,22.846224,10.213972,56.0,2017-03-17 19:00,0.0
644,Pennsylvania,9.36331,7.667918,52.1,2017-03-17 22:00,
645,Pennsylvania,18.331045,8.780067,52.1,2017-03-17 22:00,0.0
646,Pennsylvania,8.862689,8.666913,56.0,2017-03-17 19:00,
647,Pennsylvania,22.083565,10.011375,56.0,2017-03-17 19:00,0.0
648,Pennsylvania,3.55287,4.333695,33.0,2017-02-22 19:00,
649,Pennsylvania,9.597059,6.855826,33.0,2017-03-23 22:00,0.0
650,Pennsylvania,10.253586,5.97422,40.3,2017-03-16 22:00,
651,Pennsylvania,19.842466,7.54576,40.3,2017-03-16 22:00,0.0
652,Pennsylvania,8.035239,7.837428,49.0,2017-03-20 05:00,
653,Pennsylvania,20.014006,10.050844,49.0,2017-03-20 05:00,0.0
654,Pennsylvania,2.481303,2.533585,31.0,2017-12-04 16:00,
655,Pennsylvania,6.333333,3.950098,31.0,2017-12-04 16:00,0.0
656,Pennsylvania,1.910936,1.856163,15.0,2017-01-18 02:00,
657,Pennsylvania,3.29683,2.403289,15.0,2017-01-18 02:00,0.0
658,Pennsylvania,0.823363,2.055884,19.0,2017-03-18 19:00,
659,Pennsylvania,2.363924,3.650244,19.0,2017-03-18 19:00,0.0
660,Pennsylvania,3.578218,3.246581,21.0,2017-03-17 05:00,
661,Pennsylvania,7.602273,4.363902,21.0,2017-03-17 05:00,0.0
662,Rhode Island,6.564299,6.550606,48.7,2017-02-15 09:00,
663,Rhode Island,14.646176,9.653343,48.7,2017-02-15 09:00,0.0
664,Rhode Island,8.744406,6.588521,50.0,2017-01-10 01:00,
665,Rhode Island,17.890808,9.463508,50.0,2017-01-10 01:00,0.0
666,Rhode Island,18.069183,8.853254,58.9,2017-02-15 09:00,
667,Rhode Island,29.757103,9.170636,58.9,2017-02-15 09:00,0.0
668,Rhode Island,1.341099,0.76812,9.5,2017-08-19 02:00,
669,Rhode Island,2.423858,1.239317,9.5,2017-08-19 02:00,0.0
670,South Carolina,7.62245,6.972117,45.0,2017-10-20 20:00,
671,South Carolina,18.807263,10.477093,45.0,2017-10-20 20:00,0.0
672,South Carolina,6.862128,6.266855,40.0,2017-12-01 18:00,
673,South Carolina,17.786047,8.922344,40.0,2017-12-01 18:00,0.0
674,South Carolina,1.487534,1.387413,14.0,2017-02-17 11:00,
675,South Carolina,3.670412,2.253649,14.0,2017-02-17 11:00,0.0
676,South Carolina,3.91183,4.021817,46.0,2017-03-08 20:00,
677,South Carolina,10.523669,7.672896,46.0,2017-03-08 20:00,0.0
678,South Dakota,6.163978,5.566047,45.9,2017-07-06 10:00,
679,South Dakota,15.378378,8.180506,45.9,2017-07-06 10:00,0.0
680,South Dakota,4.471122,4.065591,35.9,2017-12-19 21:00,
681,South Dakota,11.247671,7.011519,35.9,2017-12-19 21:00,0.0
682,South Dakota,1.652226,2.10903,22.3,2017-05-14 22:00,
683,South Dakota,4.814722,3.885984,22.3,2017-05-14 22:00,0.0
684,South Dakota,0.637761,0.60428,6.2,2017-07-21 04:00,
685,South Dakota,1.296078,0.874955,6.2,2017-07-21 04:00,0.0
686,Tennessee,10.200927,7.245418,39.0,2017-03-02 18:00,
687,Tennessee,20.272853,8.727752,39.0,2017-03-02 18:00,0.0
688,Tennessee,7.875523,6.448643,51.0,2017-05-25 11:00,
689,Tennessee,18.0,8.208606,51.0,2017-05-25 11:00,0.0
690,Tennessee,14.333021,9.606928,59.0,2017-11-29 17:00,
691,Tennessee,27.574176,11.035005,59.0,2017-11-29 17:00,0.0
692,Tennessee,0.547298,0.624921,6.1,2017-12-08 20:00,
693,Tennessee,1.326074,1.144744,6.1,2017-12-08 20:00,0.0
694,Texas,6.335437,6.126698,45.2,2017-12-11 19:00,
695,Texas,14.946273,9.179627,45.2,2017-12-11 19:00,0.0
696,Texas,4.607731,4.065693,35.8,2017-12-15 20:00,
697,Texas,11.146369,6.900495,35.8,2017-12-15 20:00,0.0
698,Texas,13.119607,8.585641,55.9,2017-02-22 19:00,
699,Texas,24.846814,10.419085,55.9,2017-02-22 19:00,0.0
700,Texas,14.213737,9.494965,69.2,2017-12-14 12:00,
701,Texas,27.503597,12.184258,69.2,2017-12-14 12:00,0.0
702,Texas,5.742396,4.966319,38.2,2017-12-14 17:00,
703,Texas,14.001719,7.461329,38.2,2017-12-14 17:00,0.0
704,Texas,9.318676,7.202184,58.5,2017-12-13 09:00,
705,Texas,19.977054,10.294499,58.5,2017-12-13 09:00,0.0
706,Texas,3.048226,3.286575,37.2,2017-11-28 09:00,
707,Texas,7.975281,6.15918,37.2,2017-11-28 09:00,0.0
708,Texas,2.400784,3.323725,30.1,2017-12-12 20:00,
709,Texas,7.754857,5.5766,30.1,2017-12-12 20:00,0.0
710,Texas,7.804667,8.001899,47.5,2017-05-06 00:00,
711,Texas,18.876731,10.866233,47.5,2017-05-06 00:00,0.0
712,Texas,5.755268,6.344618,41.8,2017-01-07 23:00,
713,Texas,14.016575,9.386951,41.8,2017-01-07 23:00,0.0
714,Texas,5.203577,6.396936,45.5,2017-03-02 22:00,
715,Texas,14.198466,10.511162,44.1,2017-10-11 22:00,0.0
716,Texas,9.096838,8.546912,54.4,2017-02-01 19:00,
717,Texas,19.494366,11.751121,54.4,2017-02-01 19:00,0.0
718,Texas,4.030271,5.136713,35.9,2017-10-25 08:00,
719,Texas,11.990079,8.18512,35.9,2017-10-25 08:00,0.0
720,Texas,4.845884,5.050883,36.8,2017-03-02 20:00,
721,Texas,12.580682,7.391523,36.8,2017-03-02 20:00,0.0
722,Texas,10.467995,10.802737,74.2,2017-11-26 21:00,
723,Texas,26.75045,14.112164,74.2,2017-11-26 21:00,0.0
724,Texas,13.229249,11.682404,78.8,2017-08-17 20:00,
725,Texas,30.448718,15.328917,78.8,2017-08-17 20:00,0.0
726,Texas,12.584478,12.299313,69.8,2017-12-09 18:00,
727,Texas,31.696943,12.941265,69.8,2017-12-09 18:00,0.0
728,Texas,7.949824,8.452976,54.5,2017-11-26 19:00,
729,Texas,20.862155,11.281504,54.5,2017-11-26 19:00,0.0
730,Texas,11.556295,8.204691,53.6,2017-03-02 20:00,
731,Texas,23.087209,9.745188,53.6,2017-03-02 20:00,0.0
732,Texas,2.442154,3.396998,34.5,2017-12-02 07:00,
733,Texas,6.430372,6.529315,34.5,2017-12-02 07:00,0.0
734,Texas,4.760635,5.898788,41.3,2017-12-13 20:00,
735,Texas,13.106685,8.936721,41.3,2017-12-13 20:00,0.0
736,Texas,3.518768,3.258716,38.5,2017-02-22 19:00,
737,Texas,8.607756,6.085278,38.5,2017-02-22 19:00,0.0
738,Texas,7.483039,6.787205,48.0,2017-12-21 10:00,
739,Texas,18.249495,9.183943,48.0,2017-12-21 10:00,0.0
740,Texas,10.412899,8.119241,53.0,2017-10-23 18:00,
741,Texas,22.231481,10.962531,53.0,2017-10-23 18:00,0.0
742,Texas,6.457747,7.107443,44.5,2017-12-11 18:00,
743,Texas,16.745245,10.130989,44.5,2017-12-11 18:00,0.0
744,Texas,11.450436,8.203279,59.2,2017-12-13 09:00,
745,Texas,23.812923,11.163461,59.2,2017-12-13 09:00,0.0
746,Texas,9.959421,7.185697,54.0,2017-12-13 08:00,
747,Texas,20.459885,9.904901,54.0,2017-12-13 08:00,0.0
748,Texas,9.611785,7.962042,49.0,2017-12-20 18:00,
749,Texas,21.699419,10.735864,49.0,2017-12-20 18:00,0.0
750,Texas,12.424433,10.012188,58.1,2017-10-23 18:00,
751,Texas,24.756509,11.852104,58.1,2017-10-23 18:00,0.0
752,Texas,14.468887,10.524163,62.1,2017-02-09 20:00,
753,Texas,27.903343,11.266969,62.1,2017-02-09 20:00,0.0
754,Texas,2.214398,3.945013,29.8,2017-01-26 22:00,
755,Texas,6.998,6.885508,29.8,2017-01-26 22:00,0.0
756,Texas,2.886359,3.301464,36.9,2017-01-07 20:00,
757,Texas,7.888136,6.208924,36.9,2017-01-07 20:00,0.0
758,Texas,2.217924,2.691171,24.8,2017-01-05 16:00,
759,Texas,5.940059,4.358677,24.8,2017-01-05 16:00,0.0
760,Texas,3.404808,2.582964,26.2,2017-10-17 22:00,
761,Texas,7.813687,3.969274,26.2,2017-10-17 22:00,0.0
762,Texas,5.223647,4.984689,40.0,2017-10-18 08:00,
763,Texas,13.184986,7.329848,40.0,2017-10-18 08:00,0.0
764,Texas,4.564609,5.375287,46.4,2017-01-27 06:00,
765,Texas,12.53352,8.414629,46.4,2017-01-27 06:00,0.0
766,Texas,2.980593,3.516385,28.9,2017-09-08 19:00,
767,Texas,8.588319,5.104581,28.9,2017-09-08 19:00,0.0
768,Texas,6.290636,6.186219,57.8,2017-12-01 20:00,
769,Texas,15.315625,10.261935,57.8,2017-12-01 20:00,0.0
770,Texas,4.033067,4.591586,46.4,2017-01-23 19:00,
771,Texas,10.515473,8.230438,46.4,2017-01-23 19:00,0.0
772,Texas,8.291111,8.490716,47.6,2017-03-24 19:00,
773,Texas,18.279012,10.909481,47.6,2017-03-24 19:00,0.0
774,Texas,3.801581,4.669361,40.1,2017-11-29 11:00,
775,Texas,10.076301,7.779834,40.1,2017-11-29 11:00,0.0
776,Texas,3.090821,3.602524,33.7,2017-12-02 19:00,
777,Texas,8.276093,5.486049,33.7,2017-12-02 19:00,0.0
778,Texas,1.589318,1.964111,22.2,2017-12-20 21:00,
779,Texas,4.535955,3.373434,22.2,2017-12-20 21:00,0.0
780,Texas,2.476944,2.646218,28.8,2017-03-03 05:00,
781,Texas,6.143684,4.914479,28.8,2017-03-03 05:00,0.0
782,Texas,3.491674,3.846363,37.6,2017-01-24 23:00,
783,Texas,10.344476,6.613324,37.6,2017-01-24 23:00,0.0
784,Texas,1.925173,2.496535,23.6,2017-09-14 22:00,
785,Texas,6.233636,4.796274,23.6,2017-09-14 22:00,0.0
786,Texas,2.596185,2.913703,25.8,2017-03-02 23:00,
787,Texas,6.706745,5.021985,25.8,2017-03-02 23:00,0.0
788,Utah,11.517362,10.263019,58.0,2017-12-28 16:00,
789,Utah,24.922535,10.683413,58.0,2017-12-28 16:00,0.0
790,Utah,3.309082,3.221511,37.0,2017-12-28 17:00,
791,Utah,7.716763,5.350943,37.0,2017-12-28 17:00,0.0
792,Utah,6.303682,7.153249,96.0,2017-09-15 13:00,
793,Utah,15.090909,10.368187,96.0,2017-09-15 13:00,0.0
794,Utah,2.54388,3.59298,29.0,2017-12-20 18:00,
795,Utah,9.767584,6.980327,29.0,2017-12-20 18:00,0.0
796,Utah,18.242531,13.750662,65.0,2017-01-02 10:00,
797,Utah,35.827362,10.041719,65.0,2017-01-02 10:00,0.0
798,Utah,2.678222,2.649343,26.0,2017-01-10 19:00,
799,Utah,6.415808,4.831894,26.0,2017-01-10 19:00,0.0
800,Utah,14.5612,11.280556,61.0,2017-01-31 18:00,
801,Utah,29.644654,10.46292,61.0,2017-01-31 18:00,0.0
802,Utah,4.054852,4.124917,30.1,2017-01-31 19:00,
803,Utah,10.654046,6.160693,30.1,2017-01-31 19:00,0.0
804,Utah,12.685749,11.303082,64.0,2017-01-07 12:00,
805,Utah,27.258065,11.502829,58.0,2017-01-06 17:00,0.0
806,Utah,5.443089,5.575569,49.0,2017-02-01 18:00,
807,Utah,12.967846,8.388871,49.0,2017-02-01 18:00,0.0
808,Utah,3.953399,4.323311,48.0,2017-02-02 10:00,
809,Utah,10.36646,7.195697,48.0,2017-02-02 10:00,0.0
810,Utah,5.225373,2.52896,27.1,2017-11-12 16:00,
811,Utah,8.990659,3.97455,27.1,2017-11-12 16:00,0.0
812,Utah,2.336127,2.254045,20.2,2017-01-19 02:00,
813,Utah,5.791954,3.43829,20.2,2017-01-19 02:00,0.0
814,Utah,2.966562,2.765322,19.1,2017-02-03 07:00,
815,Utah,5.553571,3.360115,19.1,2017-02-03 07:00,0.0
816,Utah,6.466593,5.088831,42.2,2017-04-18 07:00,
817,Utah,12.407242,6.801397,42.2,2017-04-18 07:00,0.0
818,Vermont,6.034779,4.215411,39.4,2017-03-21 06:00,
819,Vermont,12.377348,6.671171,39.4,2017-03-21 06:00,0.0
820,Vermont,6.446656,6.297844,41.1,2017-02-19 01:00,
821,Vermont,15.499432,7.868372,41.1,2017-02-19 01:00,0.0
822,Virginia,9.461519,7.630048,54.1,2017-12-04 09:00,
823,Virginia,20.100551,9.751665,54.1,2017-12-04 09:00,0.0
824,Virginia,7.702654,6.573879,43.4,2017-03-09 19:00,
825,Virginia,17.013793,8.596774,43.4,2017-03-09 19:00,0.0
826,Virginia,3.561103,3.77443,34.8,2017-03-20 23:00,
827,Virginia,8.73726,6.357511,34.8,2017-03-20 23:00,0.0
828,Virginia,7.420797,6.40719,51.3,2017-11-29 18:00,
829,Virginia,17.056647,9.720683,51.3,2017-11-29 18:00,0.0
830,Virginia,12.419659,8.307154,52.9,2017-03-09 19:00,
831,Virginia,23.833429,8.785417,52.9,2017-03-09 19:00,0.0
832,Virginia,14.922694,9.311663,61.9,2017-03-17 06:00,
833,Virginia,27.206612,9.232519,61.9,2017-03-17 06:00,0.0
834,Virginia,5.228302,4.979761,46.0,2017-01-11 11:00,
835,Virginia,12.703857,7.484,46.0,2017-01-11 11:00,0.0
836,Virginia,3.831285,4.404502,44.2,2017-04-10 21:00,
837,Virginia,11.968539,8.596945,44.2,2017-04-10 21:00,0.0
838,Virginia,7.889853,6.599521,42.2,2017-09-28 04:00,
839,Virginia,19.334615,7.484177,42.2,2017-09-28 04:00,0.0
840,Virginia,6.169461,5.831462,46.1,2017-03-17 06:00,
841,Virginia,13.930685,8.487259,46.1,2017-03-17 06:00,0.0
842,Virginia,4.189639,3.487936,30.6,2017-02-01 11:00,
843,Virginia,9.234615,5.639516,30.6,2017-02-01 11:00,0.0
844,Washington,4.812649,3.817081,49.5,2017-06-13 11:00,
845,Washington,10.731003,5.943993,49.5,2017-06-13 11:00,0.0
846,Washington,4.39602,3.486045,27.9,2017-11-17 08:00,
847,Washington,10.949593,5.385977,27.9,2017-11-17 08:00,0.0
848,Washington,11.699484,8.237231,44.2,2017-05-27 21:00,
849,Washington,23.835317,8.819075,44.2,2017-05-27 21:00,0.0
850,Washington,20.491358,10.606277,85.9,2017-08-04 16:00,
851,Washington,35.664846,10.806737,85.9,2017-08-04 16:00,0.0
852,Washington,17.465872,8.052276,58.2,2017-08-28 19:00,
853,Washington,28.014454,8.224609,58.2,2017-08-28 19:00,0.0
854,Wisconsin,8.964667,6.898303,47.6,2017-02-06 05:00,
855,Wisconsin,19.266568,9.068721,47.6,2017-02-06 05:00,0.0
856,Wisconsin,13.50802,7.709248,61.7,2017-05-11 22:00,
857,Wisconsin,24.988764,8.452148,61.7,2017-05-11 22:00,0.0
858,Wisconsin,0.507699,1.200574,8.0,2017-06-02 22:00,
859,Wisconsin,2.144211,1.421919,8.0,2017-06-02 22:00,0.0
860,Wyoming,4.357087,4.310377,43.2,2017-01-05 20:00,
861,Wyoming,11.98338,6.631685,43.2,2017-01-05 20:00,0.0
862,Wyoming,4.237675,5.060274,49.9,2017-01-06 04:00,
863,Wyoming,12.167036,8.87504,49.9,2017-01-06 04:00,0.0
864,Wyoming,5.250556,6.445835,57.3,2017-01-06 08:00,
865,Wyoming,14.958726,10.148297,57.3,2017-01-06 08:00,0.0
866,Wyoming,8.719839,11.046822,59.8,2017-01-06 06:00,
867,Wyoming,24.316484,14.238182,59.8,2017-01-06 06:00,0.0
868,Wyoming,6.731768,6.302728,51.7,2017-12-11 07:00,
869,Wyoming,18.825106,8.986234,51.7,2017-12-11 07:00,0.0
870,Wyoming,6.228911,6.149295,37.2,2017-12-24 07:00,
871,Wyoming,15.642105,8.155674,37.2,2017-12-24 07:00,0.0
872,Wyoming,5.821952,3.884342,42.0,2017-01-17 19:00,
873,Wyoming,12.85,6.35748,42.0,2017-01-17 19:00,0.0
874,Wyoming,1.287479,1.209909,13.3,2017-01-20 01:00,
875,Wyoming,3.481006,2.173904,13.3,2017-01-20 01:00,0.0
876,Wyoming,1.342632,1.144499,18.8,2017-01-16 02:00,
877,Wyoming,2.928219,2.042716,18.8,2017-01-16 02:00,0.0
878,Wyoming,3.372608,4.824753,52.1,2017-01-06 04:00,
879,Wyoming,12.258287,8.573612,52.1,2017-01-06 04:00,0.0
880,Wyoming,3.647007,4.471519,56.2,2017-01-07 18:00,
881,Wyoming,11.620536,8.502904,56.2,2017-01-07 18:00,0.0
882,Wyoming,2.338161,3.726007,36.5,2017-12-27 04:00,
883,Wyoming,8.891549,8.087745,36.5,2017-12-27 04:00,0.0
884,Wyoming,0.288273,0.366075,5.1,2017-03-14 08:00,
885,Wyoming,0.880539,0.717192,5.1,2017-03-14 08:00,0.0
886,Wyoming,3.031026,4.271992,55.8,2017-03-20 13:00,
887,Wyoming,10.928255,8.483974,55.8,2017-03-20 13:00,0.0
888,Wyoming,0.423996,1.162135,25.1,2017-08-18 03:00,
889,Wyoming,2.290137,2.752554,25.1,2017-08-18 03:00,0.0
890,Wyoming,0.403584,0.518422,8.5,2017-12-26 21:00,
891,Wyoming,1.0625,0.979716,8.5,2017-12-26 21:00,0.0
892,Wyoming,1.306862,1.244719,12.7,2017-10-25 07:00,
893,Wyoming,3.134521,2.00842,12.7,2017-10-25 07:00,0.0
894,Wyoming,5.439523,3.057951,27.2,2017-01-15 17:00,
895,Wyoming,10.641713,4.06418,27.2,2017-01-15 17:00,0.0
896,Wyoming,1.070198,1.019127,14.3,2017-12-21 23:00,
897,Wyoming,3.069139,2.041736,14.3,2017-12-21 23:00,0.0
898,Wyoming,1.45682,2.351341,30.2,2017-11-19 23:00,
899,Wyoming,5.508791,4.809051,30.2,2017-11-19 23:00,0.0
900,Wyoming,1.858161,1.91762,29.3,2017-01-16 20:00,
901,Wyoming,5.085319,3.615173,29.3,2017-01-16 20:00,0.0
902,Wyoming,2.934655,3.59145,45.6,2017-02-01 07:00,
903,Wyoming,9.797486,7.811359,45.6,2017-02-01 07:00,0.0
904,Wyoming,4.506443,5.548692,35.2,2017-02-03 05:00,
905,Wyoming,14.258791,6.545442,35.2,2017-02-03 05:00,0.0
906,Wyoming,0.628401,0.7338,7.1,2017-02-09 21:00,
907,Wyoming,1.293629,0.877584,4.8,2017-08-08 20:00,0.0
908,Puerto Rico,9.11563,9.858202,103.6,2017-09-01 09:00,
909,Puerto Rico,34.878981,16.944483,103.6,2017-09-01 09:00,1.0
910,Puerto Rico,10.076289,4.35085,28.1,2017-03-08 09:00,
911,Puerto Rico,14.986624,4.009781,28.1,2017-03-08 09:00,0.0
